{"train_loss": 2.425961494445801, "lr": 0.003, "_timestamp": 1729842829.1422591, "_runtime": 173447.7144742012, "_step": 119}