{"train_loss": 0.8296055793762207, "lr": 0.003, "_timestamp": 1729843065.5766995, "_runtime": 177101.04319643974, "_step": 121}